3804,-1140,300,15544,-207,251,-117
3821,-1196,280,15592,-181,261,-95
3821,-1184,292,15632,-197,255,-94
3822,-1184,292,15632,-197,255,-94
3823,-1120,356,15576,-195,259,-116
3823,-1120,356,15576,-195,259,-116
3824,-1164,256,15672,-195,261,-100
3824,-1164,256,15672,-195,261,-100
3825,-1192,248,15780,-182,253,-105
3825,-1192,248,15780,-182,253,-105
3826,-1196,252,15732,-184,239,-117
3826,-1192,356,15596,-200,233,-121
3827,-1192,356,15596,-200,233,-121
3827,-1232,244,15620,-197,237,-108
3828,-1232,244,15620,-197,237,-108
3835,-1216,368,15716,-199,254,-114
3836,-1216,368,15716,-199,254,-114
3836,-1144,344,15676,-187,260,-116
3837,-1144,344,15676,-187,260,-116
3838,-1168,256,15696,-189,243,-117
3838,-1168,256,15696,-189,243,-117
3839,-1140,264,15740,-193,225,-118
3839,-1140,264,15740,-193,225,-118
3840,-1124,304,15744,-198,240,-130
3840,-1096,260,15676,-191,239,-105
3841,-1096,260,15676,-191,239,-105
3841,-1136,348,15612,-195,246,-106
3842,-1136,348,15612,-195,246,-106
3842,-1200,304,15676,-196,267,-98
3843,-1200,304,15676,-196,267,-98
3850,-1152,356,15644,-196,249,-124
3851,-1152,356,15644,-196,249,-124
3851,-1128,216,15676,-195,256,-118
3852,-1128,216,15676,-195,256,-118
3852,-1096,200,15616,-191,246,-97
3853,-1096,200,15616,-191,246,-97
3854,-1084,240,15704,-189,250,-108
3854,-1092,244,15704,-197,255,-109
3855,-1092,244,15704,-197,255,-109
3855,-1140,200,15780,-194,243,-114
3856,-1140,200,15780,-194,243,-114
3856,-1136,244,15744,-194,254,-122
3857,-1136,244,15744,-194,254,-122
3857,-1148,228,15576,-198,244,-123
3858,-1148,228,15576,-198,244,-123
3865,-1104,392,15728,-201,275,-120
3866,-1104,392,15728,-201,275,-120
3866,-1144,404,15548,-195,276,-123
3867,-1144,404,15548,-195,276,-123
3867,-1076,336,15632,-190,250,-111
3868,-1096,308,15604,-188,220,-108
3868,-1096,308,15604,-188,220,-108
3869,-1064,304,15652,-197,228,-118
3870,-1064,304,15652,-197,228,-118
3870,-1148,324,15768,-195,246,-105
3871,-1148,324,15768,-195,246,-105
3871,-1124,308,15632,-203,252,-97
3872,-1124,308,15632,-203,252,-97
3872,-1100,292,15600,-205,261,-120
3880,-1204,212,15580,-198,243,-104
3880,-1124,256,15628,-180,242,-91
3881,-1124,256,15628,-180,242,-91
3881,-1072,260,15788,-193,260,-106
3882,-1176,244,15764,-207,263,-102
3882,-1176,244,15764,-207,263,-102
3883,-1212,232,15716,-200,243,-116
3883,-1212,232,15716,-200,243,-116
3884,-1232,280,15712,-214,234,-120
3884,-1232,280,15712,-214,234,-120
3885,-1044,332,15612,-212,234,-121
3886,-1044,332,15612,-212,234,-121
3886,-1016,308,15568,-186,247,-114
3887,-1016,308,15568,-186,247,-114
3887,-1116,328,15612,-196,238,-121
3895,-1128,376,15760,-200,260,-117
3895,-1100,336,15784,-206,250,-104
3896,-1184,320,15696,-207,254,-113
3896,-1184,320,15696,-207,254,-113
3897,-1148,268,15664,-213,268,-116
3897,-1148,268,15664,-213,268,-116
3898,-1108,300,15772,-203,249,-133
3898,-1108,300,15772,-203,249,-133
3899,-1168,416,15740,-199,235,-125
3899,-1168,416,15740,-199,235,-125
3900,-1176,364,15656,-186,234,-125
3900,-1176,364,15656,-186,234,-125
3901,-1152,352,15552,-186,256,-121
3902,-1096,332,15644,-203,269,-114
3902,-1096,332,15644,-203,269,-114
3910,-1176,356,15732,-207,256,-103
3910,-1176,356,15732,-207,256,-103
3911,-1168,256,15780,-188,254,-105
3911,-1168,256,15780,-188,254,-105
3912,-1224,248,15784,-193,265,-121
3912,-1224,248,15784,-193,265,-121
3913,-1196,380,15744,-186,267,-128
3913,-1196,380,15744,-186,267,-128
3914,-1128,368,15732,-179,262,-117
3914,-1128,368,15732,-179,262,-117
3915,-1120,284,15656,-168,247,-112
3915,-1096,336,15612,-184,243,-120
3916,-1096,336,15612,-184,243,-120
3917,-1076,404,15620,-198,249,-118
3924,-1144,296,15788,-195,240,-107
3924,-1148,276,15628,-186,256,-123
3925,-1148,276,15628,-186,256,-123
3926,-1196,232,15628,-194,253,-120
3926,-1196,232,15628,-194,253,-120
3927,-1280,284,15664,-203,243,-122
3927,-1280,284,15664,-203,243,-122
3928,-1164,276,15612,-212,254,-107
3928,-1176,236,15632,-201,239,-104
3929,-1176,236,15632,-201,239,-104
3929,-1164,300,15740,-189,218,-111
3930,-1164,300,15740,-189,218,-111
3930,-1096,352,15724,-191,206,-129
3931,-1096,352,15724,-191,206,-129
3931,-1108,260,15740,-203,247,-117
3939,-1152,320,15772,-193,225,-107
3939,-1160,380,15692,-201,268,-110
3940,-1160,380,15692,-201,268,-110
3940,-1140,304,15748,-208,285,-117
3941,-1140,304,15748,-208,285,-117
3942,-1056,276,15544,-213,255,-128
3942,-1084,236,15612,-208,232,-129
3943,-1084,236,15612,-208,232,-129
3943,-1176,308,15556,-188,239,-122
3944,-1176,308,15556,-188,239,-122
3944,-1268,236,15592,-168,252,-129
3945,-1268,236,15592,-168,252,-129
3945,-1212,324,15712,-183,254,-121
3946,-1212,324,15712,-183,254,-121
3953,-1088,284,15648,-185,242,-109
3954,-1088,284,15648,-185,242,-109
3954,-1232,336,15728,-180,255,-109
3955,-1232,336,15728,-180,255,-109
3955,-1136,312,15816,-200,254,-107
3956,-1136,236,15692,-214,218,-96
3956,-1136,236,15692,-214,218,-96
3957,-1176,344,15740,-213,219,-113
3958,-1176,344,15740,-213,219,-113
3958,-1100,360,15716,-212,234,-122
3959,-1100,360,15716,-212,234,-122
3959,-1072,256,15728,-194,235,-128
3960,-1072,256,15728,-194,235,-128
3960,-1064,260,15756,-191,244,-128
3961,-1064,260,15756,-191,244,-128
3968,-1200,260,15636,-210,260,-128
3969,-1200,260,15636,-210,260,-128
3969,-1204,264,15616,-206,248,-128
3970,-1140,304,15540,-201,256,-98
3970,-1140,304,15540,-201,256,-98
3971,-1172,248,15552,-183,263,-99
3971,-1172,248,15552,-183,263,-99
3972,-1124,324,15652,-191,259,-127
3972,-1124,324,15652,-191,259,-127
3973,-1100,352,15700,-200,245,-135
3974,-1100,352,15700,-200,245,-135
3974,-1124,304,15764,-197,240,-123
3975,-1124,304,15764,-197,240,-123
3975,-1164,368,15728,-200,239,-119
3976,-1096,256,15804,-208,227,-103
3983,-1080,212,15756,-218,253,-109
3984,-1164,292,15680,-211,247,-115
3984,-1164,292,15680,-211,247,-115
3985,-1068,340,15596,-187,246,-109
3985,-1068,340,15596,-187,246,-109
3986,-1120,276,15680,-179,255,-107
3986,-1120,276,15680,-179,255,-107
3987,-1180,332,15656,-183,241,-114
3987,-1180,332,15656,-183,241,-114
3988,-1108,380,15744,-187,233,-126
3989,-1108,380,15744,-187,233,-126
3989,-1128,396,15784,-209,241,-122
3990,-1068,336,15680,-199,247,-109
3990,-1068,336,15680,-199,247,-109
3991,-1096,308,15764,-186,247,-104
3998,-1056,340,15740,-187,268,-123
3999,-1156,308,15756,-196,246,-112
3999,-1156,308,15756,-196,246,-112
4000,-1224,256,15640,-198,239,-129
4000,-1224,256,15640,-198,239,-129
4001,-1288,300,15580,-204,262,-123
4001,-1288,300,15580,-204,262,-123
4002,-1204,264,15676,-202,266,-116
4002,-1204,264,15676,-202,266,-116
4003,-1064,328,15692,-197,249,-101
4003,-1108,160,15648,-203,258,-105
4004,-1108,160,15648,-203,258,-105
4005,-1188,260,15636,-185,276,-105
4005,-1188,260,15636,-185,276,-105
4012,-1196,308,15784,-182,260,-107
4013,-1196,308,15784,-182,260,-107
4014,-1156,304,15732,-188,250,-104
4014,-1156,304,15732,-188,250,-104
4015,-1144,232,15672,-189,253,-121
4015,-1144,232,15672,-189,253,-121
4016,-1140,196,15632,-205,254,-117
4016,-1140,196,15632,-205,254,-117
4017,-1172,288,15668,-204,247,-104
4017,-1176,344,15592,-201,259,-114
4018,-1176,344,15592,-201,259,-114
4018,-1132,368,15672,-190,242,-124
4019,-1132,368,15672,-190,242,-124
4019,-1104,236,15696,-204,233,-117
4020,-1104,236,15696,-204,233,-117
4027,-1156,260,15676,-184,263,-107
4028,-1156,260,15676,-184,263,-107
4028,-1224,304,15580,-169,257,-137
4029,-1224,304,15580,-169,257,-137
4030,-1200,232,15516,-183,249,-132
4030,-1180,300,15684,-204,234,-137
4031,-1180,300,15684,-204,234,-137
4031,-1132,316,15824,-208,231,-118
4032,-1132,316,15824,-208,231,-118
4032,-1168,336,15768,-207,263,-127
4033,-1168,336,15768,-207,263,-127
4033,-1228,212,15552,-201,266,-105
4034,-1228,212,15552,-201,266,-105
4034,-1232,268,15636,-200,250,-100
4042,-1052,232,15616,-188,241,-107
4042,-1060,340,15616,-192,236,-101
4043,-1060,340,15616,-192,236,-101
4043,-1184,392,15680,-207,253,-102
4044,-1164,428,15580,-200,274,-108
4045,-1164,428,15580,-200,274,-108
4045,-1124,260,15756,-187,246,-121
4046,-1124,260,15756,-187,246,-121
4046,-1116,236,15804,-176,232,-118
4047,-1116,236,15804,-176,232,-118
4047,-1120,320,15760,-196,241,-119
4048,-1120,320,15760,-196,241,-119
4048,-1168,272,15664,-215,251,-107
4049,-1168,272,15664,-215,251,-107
4049,-1140,172,15568,-203,255,-95
4057,-1148,276,15696,-208,249,-105
4057,-1116,300,15580,-215,218,-96
4058,-1116,352,15564,-208,232,-105
4058,-1116,352,15564,-208,232,-105
4059,-1116,204,15704,-191,247,-110
4059,-1116,204,15704,-191,247,-110
4060,-1128,236,15856,-195,253,-120
4061,-1128,236,15856,-195,253,-120
4061,-1096,232,15688,-196,241,-114
4062,-1096,232,15688,-196,241,-114
4062,-1164,376,15600,-204,236,-121
4063,-1164,376,15600,-204,236,-121
4063,-1120,376,15672,-181,244,-126
4064,-1120,260,15644,-191,252,-124
4064,-1120,260,15644,-191,252,-124
4072,-1152,276,15796,-196,274,-112
4072,-1152,276,15796,-196,274,-112
4073,-1072,340,15836,-215,266,-117
4073,-1072,340,15836,-215,266,-117
4074,-1116,356,15788,-207,245,-126
4074,-1116,356,15788,-207,245,-126
4075,-1184,292,15744,-192,244,-120
4075,-1184,292,15744,-192,244,-120
4076,-1188,332,15620,-185,243,-115
4077,-1188,332,15620,-185,243,-115
4077,-1168,376,15652,-202,236,-125
4078,-1036,284,15644,-219,246,-123
4078,-1036,284,15644,-219,246,-123
4079,-1160,288,15680,-215,255,-117
4086,-1216,332,15776,-191,263,-124
4087,-1196,232,15796,-225,247,-140
4087,-1196,232,15796,-225,247,-140
4088,-1196,280,15732,-210,232,-133
4088,-1196,280,15732,-210,232,-133
4089,-1108,276,15696,-213,222,-123
4089,-1108,276,15696,-213,222,-123
4090,-1080,252,15708,-208,242,-111
4090,-1080,252,15708,-208,242,-111
4091,-1140,432,15704,-206,253,-102
4091,-1232,300,15692,-202,249,-98
4092,-1232,300,15692,-202,249,-98
4093,-1100,412,15660,-206,253,-116
4093,-1100,412,15660,-206,253,-116
4094,-1000,316,15652,-203,271,-106
4101,-1216,216,15620,-186,248,-104
4102,-1096,200,15616,-187,261,-93
4102,-1096,200,15616,-187,261,-93
4103,-1176,228,15668,-210,269,-107
4103,-1176,228,15668,-210,269,-107
4104,-1240,256,15636,-210,265,-116
4104,-1240,256,15636,-210,265,-116
4105,-1180,300,15632,-206,248,-107
4105,-1196,380,15604,-191,246,-125
4106,-1196,380,15604,-191,246,-125
4106,-1180,388,15604,-198,246,-115
4107,-1180,388,15604,-198,246,-115
4108,-1184,276,15592,-212,232,-119
4108,-1184,276,15592,-212,232,-119
4109,-1164,384,15668,-218,246,-113
4116,-1092,360,15692,-223,247,-111
4117,-1076,364,15648,-211,258,-105
4117,-1076,364,15648,-211,258,-105
4118,-1104,308,15604,-196,265,-95
4118,-1104,308,15604,-196,265,-95
4119,-1112,244,15692,-201,251,-94
4119,-1140,216,15884,-221,235,-122
4120,-1140,216,15884,-221,235,-122
4120,-1136,252,15760,-236,234,-134
4121,-1136,252,15760,-236,234,-134
4121,-1132,236,15696,-221,243,-122
4122,-1132,236,15696,-221,243,-122
4122,-1060,240,15776,-211,227,-106
4123,-1060,240,15776,-211,227,-106
4130,-1156,284,15760,-202,249,-134
4131,-1156,284,15760,-202,249,-134
4131,-1152,292,15736,-200,263,-110
4132,-1164,324,15720,-190,276,-96
4133,-1164,324,15720,-190,276,-96
4133,-1196,424,15680,-184,264,-103
4134,-1196,424,15680,-184,264,-103
4134,-1124,340,15724,-195,264,-131
4135,-1124,340,15724,-195,264,-131
4135,-1132,236,15720,-200,239,-130
4136,-1132,236,15720,-200,239,-130
4136,-1180,360,15780,-189,243,-107
4137,-1180,360,15780,-189,243,-107
4137,-1192,336,15764,-208,273,-107
4138,-1096,248,15804,-207,261,-107
4145,-1088,256,15744,-201,262,-121
4146,-1132,284,15732,-202,236,-118
4146,-1132,284,15732,-202,236,-118
4147,-1092,316,15664,-207,220,-121
4147,-1092,316,15664,-207,220,-121
4148,-1184,252,15636,-206,245,-114
4149,-1184,252,15636,-206,245,-114
4149,-1120,176,15640,-188,259,-117
4150,-1120,176,15640,-188,259,-117
4150,-1056,308,15656,-196,245,-127
4151,-1056,308,15656,-196,245,-127
4151,-1056,276,15664,-222,240,-129
4152,-1052,272,15576,-218,265,-127
4152,-1052,272,15576,-218,265,-127
4153,-1168,304,15636,-184,266,-101
4160,-1132,264,15584,-194,261,-127
4161,-1160,264,15616,-187,246,-105
4161,-1160,264,15616,-187,246,-105
4162,-1216,236,15772,-187,231,-104
4162,-1216,236,15772,-187,231,-104
4163,-1232,252,15740,-198,250,-91
4163,-1232,252,15740,-198,250,-91
4164,-1188,312,15788,-212,271,-81
4165,-1188,312,15788,-212,271,-81
4165,-1080,364,15776,-209,281,-100
4166,-1184,324,15648,-215,270,-106
4166,-1184,324,15648,-215,270,-106
4167,-1232,384,15636,-213,254,-123
4167,-1232,384,15636,-213,254,-123
4168,-1072,312,15728,-199,258,-122
4175,-1092,352,15840,-187,266,-106
4176,-1116,288,15788,-179,252,-124
4176,-1116,288,15788,-179,252,-124
4177,-1168,264,15656,-200,236,-123
4177,-1168,264,15656,-200,236,-123
4178,-1108,204,15808,-211,244,-119
4178,-1108,204,15808,-211,244,-119
4179,-1156,296,15680,-215,247,-107
4180,-1140,376,15648,-206,247,-112
4180,-1140,376,15648,-206,247,-112
4181,-1032,288,15700,-195,236,-111
4181,-1032,288,15700,-195,236,-111
4182,-1120,396,15756,-178,244,-108
4182,-1120,396,15756,-178,244,-108
4190,-1092,336,15648,-207,234,-101
4190,-1092,336,15648,-207,234,-101
4191,-1148,388,15500,-203,257,-116
4191,-1148,388,15500,-203,257,-116
4192,-1120,268,15696,-197,259,-120
4192,-1120,268,15696,-197,259,-120
4193,-1132,296,15756,-193,237,-120
4193,-1132,256,15712,-203,245,-112
4194,-1132,256,15712,-203,245,-112
4194,-1084,312,15684,-203,244,-102
4195,-1084,312,15684,-203,244,-102
4196,-1104,392,15668,-208,242,-91
4196,-1104,392,15668,-208,242,-91
4197,-1048,340,15596,-208,243,-98
4197,-1048,340,15596,-208,243,-98
4205,-1160,304,15724,-192,254,-114
4205,-1160,304,15724,-192,254,-114
4206,-1116,356,15772,-189,252,-112
4206,-1116,356,15772,-189,252,-112
4207,-1212,368,15668,-212,245,-97
4207,-1148,280,15632,-226,248,-102
4208,-1148,280,15632,-226,248,-102
4208,-1076,348,15704,-210,236,-118
4209,-1076,348,15704,-210,236,-118
4209,-1180,348,15716,-182,241,-124
4210,-1180,348,15716,-182,241,-124
4210,-1100,244,15588,-190,264,-102
4211,-1100,244,15588,-190,264,-102
4212,-1156,232,15696,-204,268,-104
4212,-1156,232,15696,-204,268,-104
4219,-1092,232,15712,-207,242,-96
4220,-1092,232,15712,-207,242,-96
4221,-1168,272,15704,-201,245,-110
4221,-1156,384,15708,-189,255,-113
4222,-1156,384,15708,-189,255,-113
4222,-1108,320,15700,-200,258,-112
4223,-1108,320,15700,-200,258,-112
4223,-1176,272,15812,-191,236,-113
4224,-1176,272,15812,-191,236,-113
4224,-1252,284,15704,-190,242,-119
4225,-1252,284,15704,-190,242,-119
4225,-1232,324,15780,-192,264,-121
4226,-1232,324,15780,-192,264,-121
4226,-1168,308,15704,-208,268,-124
4234,-1164,368,15600,-224,278,-114
4234,-1164,368,15600,-224,278,-114
4235,-1212,252,15648,-210,257,-108
4236,-1212,252,15648,-210,257,-108
4236,-1168,292,15660,-183,257,-127
4237,-1168,292,15660,-183,257,-127
4237,-1144,240,15724,-191,273,-147
4238,-1144,240,15724,-191,273,-147
4238,-1216,240,15744,-206,252,-145
4239,-1216,240,15744,-206,252,-145
4239,-1160,304,15764,-198,231,-126
4240,-1212,384,15660,-212,250,-123
4240,-1212,384,15660,-212,250,-123
4241,-1124,352,15672,-206,258,-115
4241,-1124,352,15672,-206,258,-115
4249,-1132,212,15744,-215,267,-96
4249,-1132,212,15744,-215,267,-96
4250,-1180,264,15596,-209,260,-112
4250,-1180,264,15596,-209,260,-112
4251,-1076,204,15636,-199,244,-124
4252,-1076,204,15636,-199,244,-124
4252,-1132,268,15648,-194,239,-118
4253,-1132,268,15648,-194,239,-118
4253,-1108,312,15616,-192,253,-109
4254,-1136,352,15660,-189,253,-115
4254,-1136,352,15660,-189,253,-115
4255,-1164,388,15788,-199,236,-112
4255,-1164,388,15788,-199,236,-112
4256,-1132,340,15744,-190,246,-95
4256,-1132,340,15744,-190,246,-95
4264,-1236,308,15460,-199,268,-98
4264,-1236,308,15460,-199,268,-98
4265,-1172,300,15724,-196,258,-109
4265,-1172,300,15724,-196,258,-109
4266,-1176,348,15620,-195,247,-126
4266,-1176,348,15620,-195,247,-126
4267,-1164,268,15540,-194,231,-135
4268,-1204,244,15568,-203,225,-128
4268,-1204,244,15568,-203,225,-128
4269,-1108,264,15576,-210,242,-110
4269,-1108,264,15576,-210,242,-110
4270,-1100,320,15496,-202,250,-105
4270,-1100,320,15496,-202,250,-105
4271,-1224,384,15600,-199,255,-109
4278,-1140,328,15640,-212,223,-121
4279,-1180,292,15552,-200,228,-116
4279,-1180,292,15552,-200,228,-116
4280,-1176,224,15688,-187,269,-112
4280,-1176,224,15688,-187,269,-112
4281,-1088,308,15596,-194,275,-124
4281,-1024,348,15532,-203,256,-116
4282,-1024,348,15532,-203,256,-116
4282,-1164,420,15628,-215,244,-119
4283,-1164,420,15628,-215,244,-119
4284,-1140,364,15728,-192,252,-131
4284,-1140,364,15728,-192,252,-131
4285,-1120,324,15672,-171,253,-125
4285,-1120,324,15672,-171,253,-125
4286,-1188,276,15616,-191,257,-124
4293,-1116,248,15588,-180,259,-102
4294,-1172,324,15768,-194,253,-112
4294,-1172,324,15768,-194,253,-112
4295,-1284,252,15752,-198,253,-122
4295,-1284,164,15800,-190,246,-116
4296,-1284,164,15800,-190,246,-116
4296,-1276,320,15728,-190,248,-111
4297,-1276,320,15728,-190,248,-111
4297,-1116,356,15668,-207,227,-110
4298,-1116,356,15668,-207,227,-110
4298,-1112,356,15680,-206,240,-111
4299,-1112,356,15680,-206,240,-111
4300,-1132,280,15572,-196,252,-102
4300,-1132,280,15572,-196,252,-102
4301,-1156,220,15608,-196,243,-116
4308,-1192,228,15624,-200,267,-99
4309,-1072,216,15668,-207,244,-104
4309,-1100,364,15700,-218,236,-105
4310,-1100,364,15700,-218,236,-105
4310,-1172,316,15616,-222,260,-110
4311,-1172,316,15616,-222,260,-110
4311,-1196,280,15628,-223,267,-121
4312,-1196,280,15628,-223,267,-121
4312,-1148,248,15748,-214,238,-119
4313,-1148,248,15748,-214,238,-119
4313,-1076,316,15668,-193,224,-121
4314,-1076,316,15668,-193,224,-121
4315,-1080,372,15648,-175,244,-129
4315,-1212,356,15620,-173,265,-116
4322,-1164,252,15624,-201,259,-119
4323,-1228,268,15572,-208,250,-114
4324,-1228,268,15572,-208,250,-114
4324,-1196,308,15668,-202,246,-125
4325,-1196,308,15668,-202,246,-125
4325,-1220,400,15652,-187,238,-109
4326,-1220,400,15652,-187,238,-109
4326,-1204,352,15608,-184,234,-86
4327,-1204,352,15608,-184,234,-86
4327,-1148,280,15680,-194,242,-92
4328,-1148,280,15680,-194,242,-92
4328,-1132,328,15664,-186,246,-119
4329,-1168,408,15652,-189,240,-134
4329,-1168,408,15652,-189,240,-134
4330,-1080,388,15556,-191,237,-124
4337,-1144,324,15764,-195,240,-112
4338,-1172,324,15760,-197,250,-118
4338,-1172,324,15760,-197,250,-118
4339,-1196,268,15684,-196,234,-118
4340,-1196,268,15684,-196,234,-118
4340,-1212,320,15708,-197,233,-111
4341,-1212,320,15708,-197,233,-111
4341,-1148,276,15796,-205,262,-123
4342,-1136,280,15760,-204,278,-131
4342,-1136,280,15760,-204,278,-131
4343,-1120,328,15752,-199,266,-114
4343,-1120,328,15752,-199,266,-114
4344,-1184,308,15600,-199,259,-118
4344,-1184,308,15600,-199,259,-118
4345,-1156,272,15696,-220,250,-112
4352,-1204,224,15664,-200,235,-112
4353,-1080,228,15644,-194,265,-117
4353,-1080,228,15644,-194,265,-117
4354,-1144,240,15712,-203,277,-117
4354,-1144,240,15712,-203,277,-117
4355,-1268,224,15600,-205,245,-129
4356,-1224,332,15616,-199,249,-123
4356,-1224,332,15616,-199,249,-123
4357,-1212,352,15652,-200,246,-101
4357,-1212,352,15652,-200,246,-101
4358,-1244,324,15652,-210,252,-109
4358,-1244,324,15652,-210,252,-109
4359,-1152,228,15616,-220,257,-130
4359,-1152,228,15616,-220,257,-130
4367,-1084,296,15696,-195,236,-109
4367,-1084,296,15696,-195,236,-109
4368,-1132,320,15816,-211,249,-101
4368,-1132,320,15816,-211,249,-101
4369,-1052,232,15752,-207,260,-111
4369,-1148,276,15684,-191,279,-117
4370,-1148,276,15684,-191,279,-117
4371,-1064,260,15664,-201,259,-116
4371,-1064,260,15664,-201,259,-116
4372,-1116,288,15680,-214,250,-108
4372,-1116,288,15680,-214,250,-108
4373,-1136,380,15672,-206,266,-111
4373,-1136,380,15672,-206,266,-111
4374,-1156,380,15608,-187,262,-113
4374,-1156,380,15608,-187,262,-113
4382,-1188,248,15628,-209,243,-101
4382,-1188,248,15628,-209,243,-101
4383,-1240,264,15644,-187,241,-93
4383,-1208,340,15628,-182,264,-107
4384,-1208,340,15628,-182,264,-107
4384,-1256,248,15668,-200,263,-122
4385,-1256,248,15668,-200,263,-122
4385,-1188,248,15752,-221,237,-117
4386,-1188,248,15752,-221,237,-117
4387,-1096,280,15604,-215,232,-125
4387,-1096,280,15604,-215,232,-125
4388,-1216,328,15720,-199,240,-122
4388,-1216,328,15720,-199,240,-122
4389,-1172,280,15624,-197,233,-120
4396,-1060,296,15740,-186,246,-118
4397,-1136,220,15696,-190,267,-121
4397,-1100,308,15744,-206,254,-115
4398,-1100,308,15744,-206,254,-115
4398,-1124,312,15644,-209,239,-117
4399,-1124,312,15644,-209,239,-117
4399,-1200,260,15760,-213,262,-131
4400,-1200,260,15760,-213,262,-131
4400,-1172,236,15704,-217,271,-126
4401,-1172,236,15704,-217,271,-126
4401,-1096,212,15716,-188,262,-130
4402,-1096,212,15716,-188,262,-130
4403,-1180,204,15564,-185,244,-135
4403,-1164,240,15544,-189,234,-115
4404,-1164,240,15544,-189,234,-115
4411,-1080,312,15632,-199,251,-105
4412,-1080,312,15632,-199,251,-105
4412,-1048,308,15728,-189,241,-114
4413,-1048,308,15728,-189,241,-114
4413,-1116,260,15744,-190,240,-113
4414,-1116,260,15744,-190,240,-113
4414,-1040,284,15764,-211,252,-127
4415,-1040,284,15764,-211,252,-127
4415,-1072,348,15664,-209,258,-130
4416,-1072,348,15664,-209,258,-130
4416,-1108,280,15660,-195,236,-122
4417,-1076,324,15612,-194,227,-112
4417,-1076,324,15612,-194,227,-112
4418,-1084,232,15504,-193,230,-110
4419,-1084,232,15504,-193,230,-110
4426,-1140,268,15736,-234,231,-124
4427,-1140,268,15736,-234,231,-124
4427,-1148,368,15704,-224,227,-109
4428,-1148,368,15704,-224,227,-109
4428,-1192,348,15676,-206,233,-114
4429,-1192,348,15676,-206,233,-114
4429,-1144,320,15708,-194,235,-118
4430,-1192,324,15640,-198,247,-117
4430,-1192,324,15640,-198,247,-117
4431,-1108,276,15604,-203,239,-109
4431,-1108,276,15604,-203,239,-109
4432,-1140,356,15632,-194,250,-104
4432,-1140,356,15632,-194,250,-104
4433,-1252,336,15612,-196,258,-106
4440,-1152,272,15632,-204,240,-95
4441,-1184,292,15716,-208,233,-108
4441,-1184,292,15716,-208,233,-108
4442,-1132,292,15640,-208,246,-136
4443,-1132,292,15640,-208,246,-136
4443,-1056,312,15500,-200,274,-134
4444,-1104,236,15684,-196,266,-120
4444,-1104,236,15684,-196,266,-120
4445,-1216,240,15676,-201,266,-111
4445,-1216,240,15676,-201,266,-111
4446,-1212,276,15688,-201,266,-110
4446,-1212,276,15688,-201,266,-110
4447,-1152,364,15748,-190,260,-119
4447,-1152,364,15748,-190,260,-119
4448,-1132,296,15860,-185,246,-118
4455,-1172,312,15680,-200,236,-109
4456,-1160,372,15756,-203,230,-111
4456,-1160,372,15756,-203,230,-111
4457,-1224,360,15696,-202,244,-123
4457,-1112,292,15700,-201,248,-115
4458,-1112,292,15700,-201,248,-115
4459,-1140,284,15776,-196,247,-116
4459,-1140,284,15776,-196,247,-116
4460,-1124,228,15692,-196,244,-122
4460,-1124,228,15692,-196,244,-122
4461,-1188,260,15608,-211,244,-124
4461,-1188,260,15608,-211,244,-124
4462,-1152,212,15556,-215,247,-114
4462,-1152,212,15556,-215,247,-114
4463,-1160,252,15620,-204,235,-115
4470,-1216,284,15680,-228,262,-126
4471,-1152,264,15636,-212,252,-104
4471,-1168,336,15664,-196,223,-110
4472,-1168,336,15664,-196,223,-110
4472,-1216,260,15672,-196,226,-128
4473,-1216,260,15672,-196,226,-128
4473,-1212,216,15652,-196,239,-116
4474,-1212,216,15652,-196,239,-116
4475,-1148,304,15636,-200,255,-115
4475,-1148,304,15636,-200,255,-115
4476,-1084,324,15664,-192,260,-130
4476,-1084,324,15664,-192,260,-130
4477,-1136,412,15720,-186,240,-122
4477,-1160,336,15708,-188,238,-125
4485,-1108,392,15688,-205,240,-122
4485,-1212,304,15708,-206,239,-102
4486,-1212,304,15708,-206,239,-102
4486,-1184,380,15732,-190,240,-109
4487,-1184,380,15732,-190,240,-109
4487,-1064,360,15600,-198,246,-124
4488,-1064,360,15600,-198,246,-124
4488,-1052,332,15632,-231,249,-121
4489,-1052,332,15632,-231,249,-121
4490,-1136,312,15612,-214,246,-111
4490,-1136,312,15612,-214,246,-111
4491,-1084,324,15632,-201,234,-122
4491,-1088,264,15660,-205,248,-102
4492,-1088,264,15660,-205,248,-102
4492,-1148,296,15612,-205,256,-102
4500,-1064,376,15824,-205,246,-118
4500,-1032,308,15820,-200,246,-134
4501,-1032,308,15820,-200,246,-134
4501,-1140,312,15616,-208,247,-125
4502,-1140,312,15616,-208,247,-125
4502,-1096,300,15688,-205,239,-117
4503,-1096,300,15688,-205,239,-117
4503,-1100,396,15660,-201,240,-106
4504,-1100,396,15660,-201,240,-106
4504,-1100,340,15728,-209,240,-103
4505,-1164,344,15592,-197,253,-110
4506,-1164,344,15592,-197,253,-110
4506,-1156,360,15620,-183,274,-105
4507,-1156,360,15620,-183,274,-105
4507,-1092,336,15636,-192,281,-98
4515,-1144,392,15680,-200,242,-106
4515,-1208,308,15752,-202,247,-101
4516,-1208,308,15752,-202,247,-101
4516,-1192,228,15752,-194,240,-92
4517,-1192,228,15752,-194,240,-92
4517,-992,320,15664,-189,239,-93
4518,-1112,348,15600,-190,245,-114
4518,-1112,348,15600,-190,245,-114
4519,-1248,384,15604,-201,251,-126
4519,-1248,384,15604,-201,251,-126
4520,-1224,324,15684,-196,266,-120
4520,-1224,324,15684,-196,266,-120
4521,-1212,236,15700,-179,237,-117
4522,-1212,236,15700,-179,237,-117
4529,-1152,328,15636,-207,219,-108
4529,-1152,328,15636,-207,219,-108
4530,-1192,224,15796,-200,202,-125
4531,-1192,224,15796,-200,202,-125
4531,-1252,312,15704,-187,232,-129
4532,-1164,308,15588,-180,254,-133
4532,-1164,308,15588,-180,254,-133
4533,-1108,192,15664,-178,242,-122
4533,-1108,192,15664,-178,242,-122
4534,-1092,280,15740,-186,252,-97
4534,-1092,280,15740,-186,252,-97
4535,-1164,300,15696,-206,249,-97
4535,-1164,300,15696,-206,249,-97
4536,-1172,348,15612,-210,255,-106
4536,-1172,348,15612,-210,255,-106
4544,-1064,252,15656,-195,260,-107
4544,-1064,252,15656,-195,260,-107
4545,-1144,264,15672,-187,244,-105
4546,-1136,320,15648,-180,258,-101
4546,-1136,320,15648,-180,258,-101
4547,-1188,364,15720,-199,276,-120
4547,-1188,364,15720,-199,276,-120
4548,-1172,316,15648,-210,250,-127
4548,-1172,316,15648,-210,250,-127
4549,-1184,348,15624,-183,225,-135
4549,-1184,348,15624,-183,225,-135
4550,-1124,336,15680,-195,235,-118
4550,-1124,336,15680,-195,235,-118
4551,-1164,304,15684,-200,255,-110
4551,-1104,292,15648,-195,251,-112
4559,-1064,312,15544,-198,251,-110
4559,-1132,268,15696,-201,228,-96
4560,-1132,268,15696,-201,228,-96
4560,-1100,216,15744,-189,252,-100
4561,-1100,216,15744,-189,252,-100
4562,-1120,280,15796,-175,271,-126
4562,-1120,280,15796,-175,271,-126
4563,-1156,340,15792,-180,264,-118
4563,-1156,340,15792,-180,264,-118
4564,-1216,300,15664,-192,236,-118
4564,-1216,300,15664,-192,236,-118
4565,-1096,168,15656,-205,249,-101
4565,-1224,276,15612,-219,280,-106
4566,-1224,276,15612,-219,280,-106
4573,-1116,368,15588,-198,242,-130
4574,-1116,368,15588,-198,242,-130
4574,-1100,252,15640,-199,261,-115
4575,-1100,252,15640,-199,261,-115
4575,-1108,320,15704,-203,279,-107
4576,-1108,320,15704,-203,279,-107
4576,-1112,296,15696,-196,265,-118
4577,-1112,296,15696,-196,265,-118
4578,-1124,252,15684,-205,259,-137
4578,-1124,252,15684,-205,259,-137
4579,-1172,248,15688,-205,247,-127
4579,-1124,300,15592,-211,237,-105
4580,-1124,300,15592,-211,237,-105
4580,-1164,320,15704,-205,241,-108
4581,-1164,320,15704,-205,241,-108
4588,-1156,268,15760,-199,243,-119
4589,-1156,268,15760,-199,243,-119
4589,-1128,328,15680,-207,249,-116
4590,-1128,328,15680,-207,249,-116
4590,-1184,304,15672,-201,260,-118
4591,-1184,304,15672,-201,260,-118
4591,-1220,276,15600,-193,264,-125
4592,-1220,276,15600,-193,264,-125
4592,-1184,328,15712,-202,261,-120
4593,-1148,368,15696,-191,258,-114
4594,-1148,368,15696,-191,258,-114
4594,-1140,344,15624,-189,252,-100
4595,-1140,344,15624,-189,252,-100
4595,-1188,320,15684,-187,243,-121
4596,-1188,320,15684,-187,243,-121
4603,-1168,296,15684,-196,252,-110
4604,-1168,296,15684,-196,252,-110
4604,-1136,220,15744,-194,255,-94
4605,-1136,220,15744,-194,255,-94
4605,-1048,196,15660,-195,259,-106
4606,-1008,216,15632,-185,253,-108
4606,-1008,216,15632,-185,253,-108
4607,-1148,296,15624,-191,247,-115
4607,-1148,296,15624,-191,247,-115
4608,-1096,288,15732,-211,251,-120
4609,-1096,288,15732,-211,251,-120
4609,-1040,296,15624,-209,246,-110
4610,-1040,296,15624,-209,246,-110
4610,-1080,332,15648,-216,237,-104
4618,-1044,304,15676,-186,253,-112
4618,-1120,232,15648,-182,223,-104
4619,-1120,232,15648,-182,223,-104
4619,-1120,236,15832,-191,226,-91
4620,-1004,308,15800,-205,256,-95
4620,-1004,308,15800,-205,256,-95
4621,-1120,224,15668,-217,252,-124
4621,-1120,224,15668,-217,252,-124
4622,-1128,316,15700,-212,237,-102
4622,-1128,316,15700,-212,237,-102
4623,-1100,228,15672,-209,241,-103
4623,-1100,228,15672,-209,241,-103
4624,-1176,256,15676,-204,260,-101
4625,-1176,256,15676,-204,260,-101
4625,-1216,332,15688,-188,288,-115
4632,-1076,304,15704,-198,254,-114
4633,-1060,300,15616,-195,244,-104
4634,-1096,324,15468,-198,237,-95
4634,-1096,324,15468,-198,237,-95
4635,-1080,236,15656,-192,254,-97
4635,-1080,236,15656,-192,254,-97
4636,-1184,256,15668,-183,264,-113
4636,-1184,256,15668,-183,264,-113
4637,-1056,268,15668,-186,266,-116
4637,-1056,268,15668,-186,266,-116
4638,-1028,352,15712,-190,233,-123
4638,-1028,352,15712,-190,233,-123
4639,-1104,356,15704,-201,241,-105
4639,-1096,292,15668,-198,254,-96
4640,-1096,292,15668,-198,254,-96
4647,-1132,320,15684,-215,279,-124
4648,-1132,320,15684,-215,279,-124
4648,-1204,360,15780,-217,285,-116
4649,-1204,360,15780,-217,285,-116
4650,-1136,280,15712,-212,244,-118
4650,-1136,280,15712,-212,244,-118
4651,-1176,240,15488,-215,240,-96
4651,-1176,240,15488,-215,240,-96
4652,-1152,292,15520,-217,251,-88
4652,-1152,292,15520,-217,251,-88
4653,-1108,432,15604,-197,250,-99
4653,-1116,424,15636,-200,252,-118
4654,-1116,424,15636,-200,252,-118
4654,-1168,244,15692,-195,261,-137
4655,-1168,244,15692,-195,261,-137
4662,-1200,240,15704,-200,261,-108
4663,-1200,240,15704,-200,261,-108
4663,-1164,280,15660,-210,257,-111
4664,-1164,280,15660,-210,257,-111
4665,-1140,324,15648,-211,230,-129
4665,-1140,324,15648,-211,230,-129
4666,-1124,356,15636,-195,247,-116
4666,-1124,356,15636,-195,247,-116
4667,-1092,380,15744,-189,271,-100
4667,-1208,280,15708,-196,276,-102
4668,-1208,280,15708,-196,276,-102
4668,-1176,312,15744,-208,256,-108
4669,-1176,312,15744,-208,256,-108
4669,-1104,312,15692,-217,243,-117
4677,-1148,312,15644,-218,227,-116
4677,-1136,308,15736,-193,230,-101
4678,-1136,308,15736,-193,230,-101
4678,-1208,244,15640,-195,253,-107
4679,-1208,244,15640,-195,253,-107
4679,-1196,224,15684,-205,254,-103
4680,-1196,224,15684,-205,254,-103
4681,-1072,336,15624,-209,232,-117
4681,-1112,276,15580,-212,240,-109
4682,-1112,276,15580,-212,240,-109
4682,-1240,344,15632,-203,255,-107
4683,-1240,344,15632,-203,255,-107
4683,-1184,312,15648,-194,251,-112
4684,-1184,312,15648,-194,251,-112
4684,-1168,368,15544,-183,252,-136
4692,-1244,248,15664,-209,259,-120
4692,-1096,336,15680,-203,252,-127
4693,-1096,336,15680,-203,252,-127
4693,-1124,320,15612,-202,266,-117
4694,-1164,292,15640,-189,274,-99
4694,-1164,292,15640,-189,274,-99
4695,-1136,300,15696,-189,264,-94
4695,-1136,300,15696,-189,264,-94
4696,-1152,284,15772,-207,265,-105
4697,-1152,284,15772,-207,265,-105
4697,-1108,268,15620,-206,270,-110
4698,-1108,268,15620,-206,270,-110
4698,-1052,304,15568,-197,259,-127
4699,-1052,304,15568,-197,259,-127
4699,-1080,328,15712,-200,235,-132
4707,-956,260,15624,-211,245,-137
4707,-1104,308,15680,-199,234,-122
4708,-1260,444,15640,-198,250,-116
4708,-1260,444,15640,-198,250,-116
4709,-1136,304,15696,-193,270,-104
4709,-1136,304,15696,-193,270,-104
4710,-1232,220,15632,-200,268,-110
4710,-1232,220,15632,-200,268,-110
4711,-1184,320,15588,-210,252,-114
4711,-1184,320,15588,-210,252,-114
4712,-1072,260,15572,-211,266,-112
4713,-1072,260,15572,-211,266,-112
4713,-1172,256,15676,-211,261,-100
4714,-1092,200,15700,-208,268,-105
4721,-1208,236,15672,-212,233,-129
4722,-1116,188,15624,-216,234,-128
4722,-1116,188,15624,-216,234,-128
4723,-1276,236,15736,-199,216,-112
4723,-1276,236,15736,-199,216,-112
4724,-1108,176,15680,-182,257,-125
4724,-1108,176,15680,-182,257,-125
4725,-1208,248,15688,-164,285,-113
4725,-1208,248,15688,-164,285,-113
4726,-1180,284,15564,-179,290,-110
4726,-1180,284,15564,-179,290,-110
4727,-1060,348,15656,-176,274,-115
4727,-1116,328,15612,-204,257,-124
4728,-1116,328,15612,-204,257,-124
4729,-1200,304,15632,-216,246,-105
4736,-1188,268,15648,-169,262,-121
4737,-1100,332,15688,-217,251,-130
4737,-1100,332,15688,-217,251,-130
4738,-1136,268,15708,-219,244,-122
4738,-1136,268,15708,-219,244,-122
4739,-1204,360,15640,-219,262,-116
4739,-1204,360,15640,-219,262,-116
4740,-1192,380,15732,-212,250,-119
4740,-1192,380,15732,-212,250,-119
4741,-1112,232,15772,-208,246,-126
4741,-1004,280,15740,-200,233,-131
4742,-1004,280,15740,-200,233,-131
4742,-1048,272,15544,-195,222,-132
4743,-1048,272,15544,-195,222,-132
4744,-1100,312,15592,-190,236,-117
4751,-1180,228,15660,-212,234,-108
4751,-1108,248,15596,-226,245,-114
4752,-1108,248,15596,-226,245,-114
4753,-1052,336,15500,-225,249,-98
4753,-1052,336,15500,-225,249,-98
4754,-1040,284,15748,-206,236,-95
4754,-1040,284,15748,-206,236,-95
4755,-1028,196,15748,-195,262,-97
4755,-1080,360,15720,-185,268,-120
4756,-1080,360,15720,-185,268,-120
4756,-1172,316,15644,-189,270,-119
4757,-1172,316,15644,-189,270,-119
4757,-1152,272,15704,-189,248,-118
4758,-1152,272,15704,-189,248,-118
4765,-1172,280,15660,-169,230,-118
4766,-1172,280,15660,-169,230,-118
4766,-1168,280,15576,-184,258,-115
4767,-1168,280,15576,-184,258,-115
4767,-1076,292,15692,-217,277,-108
4768,-1192,320,15744,-210,248,-107
4769,-1192,320,15744,-210,248,-107
4769,-1192,312,15704,-200,229,-88
4770,-1192,312,15704,-200,229,-88
4770,-1092,288,15664,-189,251,-112
4771,-1092,288,15664,-189,251,-112
4771,-1148,300,15668,-200,272,-129
4772,-1148,300,15668,-200,272,-129
4772,-1240,268,15748,-218,262,-128
4773,-1240,268,15748,-218,262,-128
4780,-1164,324,15804,-206,250,-129
4781,-1164,324,15804,-206,250,-129
4781,-1164,352,15840,-212,238,-131
4782,-1192,332,15668,-192,253,-125
4782,-1192,332,15668,-192,253,-125
4783,-1112,300,15744,-202,264,-124
4783,-1112,300,15744,-202,264,-124
4784,-1064,292,15788,-212,251,-119
4785,-1064,292,15788,-212,251,-119
4785,-1132,276,15640,-211,256,-121
4786,-1132,276,15640,-211,256,-121
4786,-1156,268,15520,-204,266,-111
4787,-1156,268,15520,-204,266,-111
4787,-1100,272,15456,-186,250,-111
4788,-1140,268,15628,-198,263,-100
4795,-1132,312,15692,-198,264,-105
4796,-1104,312,15628,-201,261,-105
4796,-1104,312,15628,-201,261,-105
4797,-1132,348,15624,-189,256,-117
4797,-1132,348,15624,-189,256,-117
4798,-1272,340,15648,-195,257,-121
4798,-1272,340,15648,-195,257,-121
4799,-1280,300,15640,-207,250,-131
4800,-1280,300,15640,-207,250,-131
4800,-1176,408,15680,-192,239,-136
4801,-1176,408,15680,-192,239,-136
4801,-1096,328,15720,-198,260,-123
4802,-1172,340,15700,-204,255,-114
4802,-1172,340,15700,-204,255,-114
4810,-1116,348,15680,-191,232,-131
4810,-1116,348,15680,-191,232,-131
4811,-1088,328,15648,-198,235,-117
4811,-1088,328,15648,-198,235,-117
4812,-1024,360,15740,-211,229,-113
4812,-1024,360,15740,-211,229,-113
4813,-944,332,15672,-213,236,-92
4813,-944,332,15672,-213,236,-92
4814,-1088,280,15508,-203,258,-109
4814,-1088,280,15508,-203,258,-109
4815,-1088,320,15544,-181,255,-103
4816,-1196,300,15556,-183,238,-111
4816,-1196,300,15556,-183,238,-111
4817,-1148,276,15676,-200,264,-121
4817,-1148,276,15676,-200,264,-121
4825,-1036,244,15708,-185,249,-123
4825,-1036,244,15708,-185,249,-123
